"Município";"De 0 a 4 anos";"De 5 a 9 anos";"De 10 a 14 anos";"De 15 a 19 anos";"De 20 a 24 anos";"De 25 a 29 anos";"De 30 a 34 anos";"De 35 a 39 anos";"De 40 a 44 anos";"De 45 a 49 anos";"De 50 a 54 anos";"De 55 a 59 anos";"De 60 a 64 anos";"De 65 a 69 anos";"De 70 a 74 anos";"De 75 a 79 anos";"De 80 anos ou mais";"Total"
"350010 Adamantina";1787;1869;1973;2024;2382;2742;2648;2496;2426;2560;2592;2362;1985;1608;1230;989;1260;34933
"350020 Adolfo";203;206;212;210;228;281;268;236;244;270;275;270;216;172;115;90;93;3589
"350030 Aguaí";2656;2585;2521;2697;2872;3013;3091;2675;2304;2191;2072;1884;1514;1171;735;559;693;35233
"350040 Águas da Prata";441;453;455;460;519;595;583;536;538;545;612;589;494;376;288;235;331;8050
"350050 Águas de Lindóia";1120;1092;1101;1250;1311;1380;1491;1446;1295;1307;1236;1115;939;753;539;429;579;18383
"350055 Águas de Santa Bárbara";424;398;369;444;439;421;435;410;426;421;394;369;308;257;170;122;161;5968
"350060 Águas de São Pedro";141;156;160;173;199;193;219;226;208;220;253;228;190;187;164;130;188;3235
"350070 Agudos";2635;2534;2472;2716;2903;3099;3062;2850;2639;2409;2232;2017;1696;1213;845;613;696;36631
"350075 Alambari";467;433;433;471;439;452;492;452;367;330;304;297;254;186;128;88;106;5699
"350080 Alfredo Marcondes";198;197;239;239;255;301;272;273;301;304;303;277;235;211;187;135;182;4109
"350090 Altair";327;314;299;327;342;342;379;345;281;265;228;170;131;118;90;57;66;4081
"350100 Altinópolis";981;965;1032;1183;1234;1274;1315;1247;1041;1043;1026;960;855;689;486;347;447;16125
"350110 Alto Alegre";225;231;224;248;271;334;318;271;261;269;300;258;248;213;179;132;151;4133
"350115 Alumínio";1432;1352;1450;1530;1501;1526;1562;1471;1316;1215;1034;811;669;484;356;259;223;18191
"350120 Álvares Florence";165;173;177;204;230;248;258;233;262;333;322;296;249;218;164;128;120;3780
"350130 Álvares Machado";1578;1523;1712;1807;1912;1993;1813;1735;1740;1752;1636;1439;1177;1006;711;518;603;24655
"350140 Álvaro de Carvalho";306;282;294;407;368;528;649;534;386;277;231;228;183;134;110;73;90;5080
"350150 Alvinlândia";257;242;222;247;237;247;236;265;219;200;175;167;137;110;90;58;66;3175
"350160 Americana";13482;13559;13812;15211;16872;19238;20393;19105;17242;16722;16174;14521;11502;8558;5871;4374;5386;232022
"350170 Américo Brasiliense";3078;2927;2879;3228;3279;3557;3541;3282;2801;2619;2163;1712;1329;958;658;420;421;38852
"350180 Américo de Campos";330;341;350;393;386;457;435;434;381;411;432;421;330;266;231;163;170;5931
"350190 Amparo";4047;3984;4245;4710;5181;5842;6190;5592;5204;4836;4655;4272;3561;2742;2035;1548;2043;70687
"350200 Analândia";354;340;324;327;352;383;404;330;322;292;285;276;227;187;149;126;127;4805
"350210 Andradina";3353;3334;3366;3743;4022;4438;4471;4480;4267;4080;3993;3546;2912;2377;1806;1323;1508;57019
"350220 Angatuba";1807;1764;1765;1834;1947;1991;1922;1768;1675;1649;1573;1357;1095;841;582;395;475;24440
"350230 Anhembi";542;519;488;498;506;480;489;495;446;413;370;345;281;192;143;102;118;6427
"350240 Anhumas";270;264;282;297;296;325;308;290;272;299;271;223;184;146;108;95;94;4024
"350250 Aparecida";2375;2383;2404;2499;2748;3003;3061;2728;2551;2495;2370;2187;1703;1292;889;635;748;36071
"350260 Aparecida d'Oeste";219;220;242;266;273;285;250;285;306;352;328;291;291;218;171;162;154;4313
"350270 Apiaí";1937;1787;1855;2050;2073;1826;1829;1772;1789;1616;1497;1304;1067;861;612;452;511;24838
"350275 Araçariguama";1959;1829;1752;1833;1767;1860;1751;1575;1435;1215;1042;909;655;480;320;211;217;20810
"350280 Araçatuba";11370;11408;11232;12563;13370;14968;15989;15563;14587;14280;13726;12125;10018;7665;5557;4176;4938;193535
"350290 Araçoiaba da Serra";2297;2227;2146;2384;2433;2445;2444;2406;2369;2313;2143;1878;1542;1161;815;545;626;32174
"350300 Aramina";329;338;340;377;415;462;467;399;366;377;400;332;264;207;166;134;139;5512
"350310 Arandu";432;413;422;477;531;507;465;500;443;400;404;372;320;228;168;124;125;6331
"350315 Arapeí";176;172;174;181;191;193;180;162;166;184;187;146;110;79;70;53;73;2497
"350320 Araraquara";13438;13622;13656;15129;16568;19314;20183;19049;16484;15449;15195;13654;11315;8927;6190;4611;6192;228976
"350330 Araras";8167;8085;8019;9014;9934;11184;11547;10465;9351;8831;8534;7711;6117;4672;3303;2345;2986;130265
"350335 Arco-Íris";112;111;100;106;132;135;140;132;128;143;123;133;100;80;74;48;53;1850
"350340 Arealva";490;492;527;550;560;576;577;572;527;569;627;584;468;418;319;235;302;8393
"350350 Areias";316;285;294;303;315;295;272;279;271;264;233;215;155;111;90;68;89;3855
"350360 Areiópolis";880;805;886;932;931;1040;934;825;834;751;626;496;371;261;194;133;139;11038
"350370 Ariranha";650;640;624;694;696;831;821;732;683;608;541;481;418;327;216;177;239;9378
"350380 Artur Nogueira";3755;3600;3766;4115;4091;4474;4650;4161;3714;3368;3068;2550;1997;1528;1082;724;845;51488
"350390 Arujá";6493;6193;6576;7074;7020;7180;7381;6968;6102;5630;4998;4427;3582;2466;1522;944;1095;85651
"350395 Aspásia";96;97;109;111;126;137;124;115;128;157;156;130;106;80;68;44;48;1832
"350400 Assis";6302;6354;6322;6840;7358;8550;8507;8039;7219;7011;6792;6156;5103;3897;2887;2124;2732;102193
"350410 Atibaia";9154;8937;9355;10032;10101;11126;11480;11063;10066;9148;8816;7967;6562;5000;3739;2669;3392;138607
"350420 Auriflama";812;840;895;917;1140;1230;1184;1146;1053;1096;1068;927;756;633;484;366;440;14987
"350430 Avaí";391;390;380;410;475;446;388;378;357;335;335;288;241;177;118;90;102;5301
"350440 Avanhandava";907;864;897;1075;1158;1511;1364;1026;856;788;677;570;422;324;218;155;179;12991
"350450 Avaré";6127;5927;6031;6368;6639;7404;7358;7136;6306;5704;5437;4964;4194;3227;2270;1669;2090;88851
"350460 Bady Bassitt";1082;1033;1056;1236;1281;1303;1323;1381;1355;1236;1076;970;755;552;407;316;330;16692
"350470 Balbinos";62;58;81;135;212;1094;1486;926;438;203;125;95;72;40;31;24;32;5114
"350480 Bálsamo";502;514;473;547;604;670;688;686;633;649;662;543;481;373;299;232;287;8843
"350490 Bananal";812;780;736;811;812;794;798;804;731;709;681;591;486;420;302;227;302;10796
"350500 Barão de Antonina";267;258;251;238;234;253;220;243;211;200;221;220;176;129;99;77;84;3381
"350510 Barbosa";530;504;511;577;563;577;516;528;484;489;472;396;306;254;188;143;158;7196
"350520 Bariri";2260;2207;2344;2572;2530;2720;2795;2538;2269;2186;2215;2013;1647;1260;975;757;1055;34343
"350530 Barra Bonita";1960;1959;2042;2269;2512;2792;2938;2951;2789;2761;2691;2327;1861;1454;1071;802;949;36128
"350535 Barra do Chapéu";500;449;409;469;444;418;440;403;385;343;318;285;226;169;138;106;111;5613
"350540 Barra do Turvo";718;633;583;617;585;525;499;519;494;449;439;414;379;290;245;188;167;7744
"350550 Barretos";7595;7565;7523;8011;8860;10166;10403;9571;8529;8043;7900;6958;5678;4385;3285;2458;2870;119800
"350560 Barrinha";2755;2548;2561;2718;2702;3004;3045;2585;2163;1891;1599;1315;948;675;458;316;376;31659
"350570 Barueri";20686;19525;19990;22533;22064;23440;24054;22125;19371;17595;15275;12634;9736;6902;4150;2544;2792;265416
"350580 Bastos";1426;1386;1415;1472;1556;1606;1580;1518;1487;1546;1497;1278;986;764;553;406;479;20955
"350590 Batatais";3838;3780;3979;4344;4733;4973;5104;4817;4077;3962;3835;3626;3060;2347;1668;1262;1627;61032
"350600 Bauru";23292;22863;24079;26273;27083;30030;31784;30008;26520;24701;23747;21421;17695;13477;9727;7195;9164;369059
"350610 Bebedouro";4783;4647;4797;5324;5726;6242;6344;5965;5602;5283;4983;4646;3878;3099;2245;1644;2104;77312
"350620 Bento de Abreu";211;204;196;219;230;228;251;226;214;209;176;142;117;91;69;58;63;2904
"350630 Bernardino de Campos";714;717;694;748;840;854;784;767;749;729;754;645;570;462;387;291;410;11115
"350635 Bertioga";5388;4892;4966;5345;4703;4831;4797;4638;4209;3751;3182;2591;1982;1376;892;547;548;58638
"350640 Bilac";377;398;453;529;560;614;636;603;594;573;528;491;419;324;248;185;243;7775
"350650 Birigui";7437;7485;7414;8126;8749;9498;10035;9796;9339;8918;8044;6946;5695;4322;3176;2195;2565;119740
"350660 Biritiba-Mirim";2547;2344;2403;2563;2513;2570;2515;2295;2175;2047;1898;1516;1267;1068;744;540;535;31540
"350670 Boa Esperança do Sul";1155;1083;1063;1206;1223;1213;1216;1143;994;952;893;733;603;420;302;186;238;14623
"350680 Bocaina";801;788;847;902;929;984;1055;1005;847;789;746;601;513;388;258;212;281;11946
"350690 Bofete";846;776;769;822;816;780;768;772;727;755;740;685;598;457;357;238;225;11131
"350700 Boituva";4273;4093;4137;4441;4589;5187;5312;4796;4144;3747;3303;2772;2219;1630;1105;768;810;57326
"350710 Bom Jesus dos Perdões";1808;1697;1794;1943;1931;1995;2095;1890;1731;1558;1424;1208;844;674;489;317;371;23769
"350715 Bom Sucesso de Itararé";382;335;330;363;367;301;286;278;262;240;200;157;125;87;61;43;43;3860
"350720 Borá";56;55;44;56;84;68;87;74;62;52;49;51;37;20;15;11;12;833
"350730 Boracéia";364;365;329;353;382;395;383;329;310;283;268;230;192;174;124;88;110;4679
"350740 Borborema";952;953;1052;1062;1095;1276;1299;1225;1096;1054;1081;957;788;593;437;339;418;15677
"350745 Borebi";206;195;192;206;208;200;180;192;172;176;160;128;122;71;55;37;56;2556
"350750 Botucatu";9530;9302;9440;10140;10452;11515;12087;11453;9993;9069;8656;7897;6669;5148;3690;2675;3669;141385
"350760 Bragança Paulista";10325;10097;10443;11909;12468;13416;13886;13516;12001;10785;10227;9398;7636;5960;4141;2956;3667;162831
"350770 Braúna";373;385;370;395;391;446;470;400;361;346;312;306;266;196;176;145;176;5514
"350775 Brejo Alegre";174;169;192;218;218;224;230;251;208;179;160;157;127;94;83;49;60;2793
"350780 Brodowski";1597;1546;1688;1878;1977;2018;1957;1773;1627;1604;1516;1269;1058;795;589;443;547;23882
"350790 Brotas";1712;1646;1647;1803;1880;1933;1943;1828;1656;1523;1426;1284;1014;786;605;429;558;23673
"350800 Buri";1815;1681;1654;1653;1594;1520;1459;1389;1298;1141;1074;944;759;573;419;306;328;19607
"350810 Buritama";1100;1101;986;1075;1206;1310;1333;1251;1243;1193;1156;1039;815;684;494;357;372;16715
"350820 Buritizal";284;277;272;292;319;347;367;337;297;286;284;262;223;185;129;99;117;4377
"350830 Cabrália Paulista";313;304;309;321;372;333;341;310;311;297;258;243;192;151;110;78;89;4332
"350840 Cabreúva";4032;3728;3827;4142;4082;4155;4167;3751;3372;3034;2607;1995;1515;1180;801;482;578;47448
"350850 Caçapava";6467;6309;6203;6691;6896;7386;7843;7422;6706;6099;5722;5135;4157;3273;2287;1517;1787;91900
"350860 Cachoeira Paulista";2278;2217;2191;2287;2400;2597;2733;2600;2265;2089;2080;1895;1532;1191;851;570;757;32533
"350870 Caconde";1320;1243;1329;1457;1450;1405;1327;1298;1194;1252;1279;1131;933;795;561;436;504;18914
"350880 Cafelândia";1145;1134;1085;1210;1309;1385;1417;1358;1226;1144;1089;1022;893;683;510;406;513;17529
"350890 Caiabu";254;250;260;292;320;347;302;262;282;322;312;250;203;159;134;109;128;4186
"350900 Caieiras";7500;7152;7144;7915;8013;8431;8391;7903;7244;6820;6088;4876;3678;2603;1595;973;1057;97383
"350910 Caiuá";333;335;369;387;386;431;411;365;437;437;461;344;294;221;168;134;134;5647
"350920 Cajamar";6151;5770;5812;6414;6458;6769;6661;6127;5354;4603;3903;3115;2279;1524;1023;646;647;73256
"350925 Cajati";2579;2337;2250;2414;2353;2202;2154;2192;1970;1732;1562;1328;1118;844;665;482;539;28721
"350930 Cajobi";590;598;673;696;818;927;916;751;690;685;699;605;508;408;305;237;267;10373
"350940 Cajuru";1876;1813;1809;1955;2080;2150;2058;1892;1709;1628;1530;1350;1052;848;623;475;612;25460
"350945 Campina do Monte Alegre";450;421;443;465;446;456;463;425;396;397;397;310;268;209;138;110;129;5923
"350950 Campinas";72782;71846;74001;84127;87485;98917;105600;98965;86059;79413;73277;66591;54991;42245;29577;21401;26378;1173655
"350960 Campo Limpo Paulista";6212;5976;5849;6255;6561;7006;7186;6534;5908;5340;4917;4378;3563;2468;1567;1035;1105;81860
"350970 Campos do Jordão";3852;3615;3756;4208;4265;4216;4197;4121;3855;3573;3153;2625;1961;1431;919;646;704;51097
"350980 Campos Novos Paulista";377;362;364;371;369;348;367;355;313;314;314;234;221;185;153;97;121;4865
"350990 Cananéia";1026;926;909;1015;983;893;865;944;857;758;733;680;592;460;352;246;299;12538
"350995 Canas";469;449;417;410;400;421;414;356;306;300;286;213;173;112;87;54;65;4932
"351000 Cândido Mota";2063;2025;1953;2145;2301;2539;2351;2216;2124;2172;2127;1910;1567;1201;892;658;829;31073
"351010 Cândido Rodrigues";133;141;170;159;180;248;209;185;178;193;213;190;133;144;109;83;107;2775
"351015 Canitar";449;414;466;456;402;394;404;383;347;272;264;216;175;129;86;66;57;4980
"351020 Capão Bonito";3655;3398;3566;3795;3855;3757;3630;3569;3313;3019;2762;2435;2005;1597;1165;813;868;47202
"351030 Capela do Alto";1501;1401;1523;1652;1679;1741;1612;1535;1388;1284;1172;1003;771;610;407;282;270;19831
"351040 Capivari";4006;3884;3939;4114;4320;4671;4625;4366;3866;3613;3155;2700;2134;1555;1102;788;1019;53857
"351050 Caraguatatuba";8969;8338;8308;8930;8919;9057;9220;9236;8444;7750;6816;6096;5211;3942;2758;1813;1913;115720
"351060 Carapicuíba";31236;29529;30447;32630;31379;33681;35700;33160;29136;25464;21482;18395;15328;11112;6959;4235;3994;393867
"351070 Cardoso";784;779;722;746;816;927;927;876;820;859;877;818;689;534;438;308;334;12254
"351080 Casa Branca";1850;1803;1885;2143;2252;2494;2730;2476;2048;1999;1892;1690;1433;1081;792;579;797;29944
"351090 Cássia dos Coqueiros";153;150;166;174;206;178;193;165;173;173;190;161;151;107;84;67;89;2580
"351100 Castilho";1495;1471;1325;1441;1516;1599;1526;1555;1528;1421;1307;1123;922;694;499;357;411;20190
"351110 Catanduva";7044;7014;6800;7615;8472;9559;10181;9550;8657;8536;8105;7322;6185;4828;3566;2842;3599;119875
"351120 Catiguá";496;487;517;527;571;618;660;623;558;542;521;442;346;262;170;131;174;7645
"351130 Cedral";512;512;541;586;581;680;691;722;646;620;570;541;433;393;297;244;327;8896
"351140 Cerqueira César";1427;1411;1459;1437;1580;1607;1457;1369;1319;1226;1143;1007;867;681;503;393;455;19341
"351150 Cerquilho";3056;3025;3043;3468;3481;4030;4074;3862;3362;3079;2858;2563;2127;1539;1059;766;889;46281
"351160 Cesário Lange";1302;1229;1210;1397;1382;1534;1530;1419;1260;1078;978;844;720;587;407;288;273;17438
"351170 Charqueada";1195;1166;1184;1283;1388;1530;1447;1271;1203;1013;953;855;674;523;372;270;311;16638
"355720 Chavantes";919;880;847;944;937;917;983;933;880;814;750;704;600;466;345;242;257;12418
"351190 Clementina";662;645;630;601;686;869;809;620;477;440;431;359;278;228;149;122;171;8177
"351200 Colina";1147;1146;1198;1297;1391;1592;1569;1387;1252;1214;1218;1055;841;672;483;352;442;18256
"351210 Colômbia";422;406;413;462;531;549;527;500;456;403;382;331;261;205;157;97;87;6189
"351220 Conchal";2071;1952;2069;2281;2397;2581;2433;2086;1752;1677;1502;1293;1042;793;570;414;437;27350
"351230 Conchas";1317;1280;1228;1252;1237;1304;1289;1237;1133;1158;1155;1058;851;646;509;380;478;17512
"351240 Cordeirópolis";1630;1568;1677;1845;1873;2060;2050;1903;1696;1539;1373;1224;974;757;533;388;504;23594
"351250 Coroados";416;406;351;395;448;479;476;458;444;394;358;334;286;212;140;107;134;5838
"351260 Coronel Macedo";348;330;314;355;352;359;320;306;338;326;362;328;242;191;137;106;110;4824
"351270 Corumbataí";258;257;285;314;298;334;331;295;279;271;261;228;190;153;107;75;92;4028
"351280 Cosmópolis";5250;5127;5154;5385;5591;6151;6291;5748;4871;4393;3950;3226;2480;1792;1251;831;937;68428
"351290 Cosmorama";386;382;396;465;471;515;593;521;486;526;512;489;432;381;288;240;252;7335
"351300 Cotia";18574;17700;17705;19089;18804;19712;21071;20123;17454;15561;13686;11612;8961;6251;3912;2457;2772;235444
"351310 Cravinhos";2384;2299;2418;2690;2777;2940;2968;2672;2404;2260;2061;1914;1500;1105;773;569;660;34394
"351320 Cristais Paulista";577;549;587;605;664;718;722;640;559;515;545;515;407;271;188;137;159;8358
"351330 Cruzália";115;121;117;134;136;158;151;160;141;171;192;154;124;85;69;57;70;2155
"351340 Cruzeiro";5615;5480;5424;5843;6135;6465;6668;6436;5599;5290;5280;4846;3951;2945;2042;1493;1681;81193
"351350 Cubatão";9970;9622;10078;10590;10515;11115;11367;10424;9057;8591;7581;6229;4675;3127;2109;1407;1367;127824
"351360 Cunha";1361;1283;1446;1602;1745;1614;1601;1587;1596;1653;1525;1302;1053;841;685;462;469;21825
"351370 Descalvado";1998;1972;2000;2242;2422;2770;2873;2581;2404;2226;2161;1940;1627;1288;956;709;947;33116
"351380 Diadema";31382;30066;31541;34464;33402;36232;37423;34856;31174;28229;23939;19978;15535;11063;6826;4391;4390;414891
"351385 Dirce Reis";106;109;89;89;121;136;120;126;127;130;138;123;90;84;76;62;47;1773
"351390 Divinolândia";601;595;615;711;860;894;870;821;813;818;811;762;694;514;360;275;320;11334
"351400 Dobrada";732;711;721;779;748;807;819;693;535;476;432;346;283;224;147;105;118;8676
"351410 Dois Córregos";2070;2010;1903;1981;2085;2230;2262;2054;1782;1613;1503;1327;1094;906;650;515;711;26696
"351420 Dolcinópolis";106;108;129;126;145;148;122;171;153;143;168;144;137;100;86;73;67;2126
"351430 Dourado";520;510;547;575;652;701;696;650;623;591;593;579;462;385;267;220;287;8858
"351440 Dracena";2407;2473;2531;2789;3159;3647;3890;3642;3391;3275;3209;2983;2458;1950;1513;1220;1472;46009
"351450 Duartina";717;717;763;763;897;943;948;919;873;890;865;791;688;538;408;319;442;12481
"351460 Dumont";645;636;712;763;786;924;885;732;615;579;527;470;381;258;173;126;169;9381
"351470 Echaporã";421;418;383;437;465;450;437;412;402;421;451;364;312;274;203;152;220;6222
"351480 Eldorado";1401;1243;1241;1385;1274;1092;1057;1027;956;913;847;722;619;499;419;297;347;15339
"351490 Elias Fausto";1253;1167;1252;1419;1359;1538;1524;1367;1241;1177;999;893;680;497;352;262;279;17259
"351492 Elisiário";224;220;202;251;270;310;318;298;268;225;190;177;165;128;89;81;90;3506
"351495 Embaúba";145;145;160;158;170;204;214;189;160;174;169;150;131;97;75;59;63;2463
"351500 Embu das Artes";22004;20698;21134;23158;22368;22980;23768;22555;19586;16978;13719;11709;9276;6580;4091;2306;2027;264937
"351510 Embu-Guaçu";5269;5036;5284;5805;5478;5571;5532;5332;4826;4340;3858;3444;2689;2017;1409;913;969;67772
"351512 Emilianópolis";181;189;198;196;230;250;221;221;239;232;229;192;158;143;117;92;89;3177
"351515 Engenheiro Coelho";1630;1595;1717;1817;1643;1859;1950;1612;1221;1066;920;646;496;397;287;210;216;19282
"351518 Espírito Santo do Pinhal";2582;2540;2703;3110;3227;3527;3537;3337;3201;3172;2951;2676;2174;1750;1230;954;1221;43892
"351519 Espírito Santo do Turvo";391;369;369;375;404;421;377;337;297;285;291;232;189;130;92;59;58;4676
"355730 Estiva Gerbi";765;737;737;827;880;952;956;845;805;756;741;620;486;328;213;165;168;10981
"351520 Estrela d'Oeste";470;468;497;532;559;663;672;642;614;597;607;551;422;382;262;222;257;8417
"351530 Estrela do Norte";205;208;190;198;231;236;202;186;184;202;200;159;106;82;63;45;56;2753
"351535 Euclides da Cunha Paulista";737;685;689;746;776;741;681;687;697;694;609;484;387;288;252;183;181;9517
"351540 Fartura";1095;1068;1017;1099;1174;1220;1225;1131;1059;1098;1074;991;810;620;495;347;407;15930
"351560 Fernando Prestes";339;339;318;333;368;443;440;415;394;405;376;333;304;293;236;181;231;5748
"351550 Fernandópolis";3596;3653;3949;4326;4677;5195;5482;5262;4903;4967;4836;4452;3736;2951;2346;1768;2122;68221
"351565 Fernão";111;102;112;115;113;134;133;140;130;110;94;95;76;77;55;38;44;1679
"351570 Ferraz de Vasconcelos";15495;14522;14899;16829;16633;16709;16115;14557;13227;12211;10435;8617;6569;4409;2742;1733;1615;187317
"351580 Flora Rica";72;78;74;100;108;102;103;94;99;123;135;101;87;84;73;52;85;1570
"351590 Floreal";96;102;154;163;198;203;208;195;207;237;240;232;198;167;128;110;131;2969
"351600 Flórida Paulista";835;822;854;1025;1095;1397;1513;1255;1002;895;819;699;531;474;350;273;331;14170
"351610 Florínia";168;163;178;183;201;189;193;194;191;202;186;179;160;139;88;66;68;2748
"351620 Franca";23880;23083;24463;26468;27308;29051;28136;25994;24050;23293;22004;19209;15350;11920;8190;5735;6557;344691
"351630 Francisco Morato";15476;14208;14238;15577;15131;15292;14757;13056;11163;10099;8683;7697;6084;3869;2350;1350;1215;170245
"351640 Franco da Rocha";11644;10980;11557;12788;12436;13789;14322;12923;10689;9038;7532;6571;5318;3738;2193;1336;1368;148222
"351650 Gabriel Monteiro";147;150;146;155;170;189;223;186;201;240;223;192;154;131;101;78;90;2776
"351660 Gália";411;382;381;435;472;499;529;505;503;457;407;450;365;319;237;168;232;6752
"351670 Garça";2880;2808;2850;3063;3220;3506;3495;3525;3094;3015;2822;2596;2276;1738;1234;955;1251;44328
"351680 Gastão Vidigal";315;317;325;332;305;522;522;367;268;265;249;210;187;164;126;85;86;4645
"351685 Gavião Peixoto";355;335;345;350;389;439;415;349;335;329;282;215;169;138;89;78;94;4706
"351690 General Salgado";628;637;615;660;757;888;842;773;752;813;824;722;609;474;344;266;287;10891
"351700 Getulina";692;658;730;842;874;944;1058;1042;850;695;636;605;480;384;298;227;274;11289
"351710 Glicério";346;342;324;345;370;343;354;346;351;332;301;279;235;175;130;89;110;4772
"351720 Guaiçara";885;837;817;907;936;1014;974;884;819;795;727;620;493;362;268;216;220;11774
"351730 Guaimbê";429;413;398;418;434;449;475;414;360;359;343;307;260;197;181;120;142;5699
"351740 Guaíra";2672;2593;2616;2843;2902;3234;3439;3282;2984;2837;2576;2265;1884;1436;1010;693;741;40007
"351750 Guapiaçu";1260;1250;1289;1427;1481;1759;1735;1656;1542;1505;1353;1138;935;744;543;404;429;20450
"351760 Guapiara";1333;1242;1281;1360;1408;1276;1208;1216;1211;1217;1160;954;767;645;496;379;418;17571
"351770 Guará";1732;1627;1714;1699;1658;1651;1717;1639;1403;1260;1174;1029;873;663;449;312;344;20944
"351780 Guaraçaí";474;464;486;535;532;610;602;606;626;619;637;538;485;378;305;257;273;8427
"351790 Guaraci";830;816;759;781;872;954;956;810;696;712;627;537;456;373;273;194;235;10881
"351800 Guarani d'Oeste";132;134;123;126;128;152;147;141;125;143;141;134;105;74;67;63;71;2006
"351810 Guarantã";523;484;494;529;529;555;564;493;437;399;350;363;312;223;155;105;118;6633
"351820 Guararapes";1976;2000;1979;2133;2290;2607;2616;2431;2297;2304;2348;1993;1581;1259;973;765;884;32436
"351830 Guararema";1979;1894;2038;2315;2341;2317;2415;2293;2015;1912;1748;1488;1265;1020;683;442;575;28740
"351840 Guaratinguetá";7420;7317;7609;8331;9005;9621;9834;9342;8690;8361;8217;7299;5900;4542;3224;2219;2655;119586
"351850 Guareí";905;857;1008;1308;1492;1996;2155;1898;1390;1103;877;707;555;391;286;220;223;17371
"351860 Guariba";3047;2909;2907;3108;3242;3603;3706;3109;2618;2422;2212;1831;1365;996;676;541;620;38912
"351870 Guarujá";24451;23301;23598;25568;25319;25695;25815;24571;22695;21178;18871;16054;12437;9024;6093;4212;4406;313288
"351880 Guarulhos";104427;98600;103205;113789;109789;114291;115942;109374;98428;90041;76978;64254;49888;35884;23150;15078;15573;1338691
"351885 Guatapará";596;562;556;568;612;603;604;540;506;439;423;440;349;272;165;101;155;7491
"351890 Guzolândia";370;362;367;369;390;422;416;384;349;334;321;305;249;178;126;100;99;5141
"351900 Herculândia";653;618;675;686;717;737;737;713;649;631;593;549;384;319;246;183;240;9330
"351905 Holambra";936;919;1039;1052;1022;1111;1189;1220;1139;1037;866;736;571;408;252;164;198;13859
"351907 Hortolândia";16160;15349;16056;18396;19044;20703;20232;18327;16139;14613;12661;10570;8122;5499;3529;2284;2503;220187
"351910 Iacanga";746;745;751;818;854;933;947;944;844;744;674;572;518;387;294;207;270;11248
"351920 Iacri";406;406;401;404;436;502;483;435;421;451;465;404;353;277;206;169;185;6404
"351925 Iaras";458;481;485;486;781;737;780;855;798;665;579;477;317;212;121;78;65;8375
"351930 Ibaté";2638;2535;2572;2835;2909;3233;3111;2763;2314;2080;1957;1562;1169;828;558;449;439;33952
"351940 Ibirá";776;775;737;792;886;1066;1055;917;754;757;740;712;566;455;364;274;375;12001
"351950 Ibirarema";539;520;535;572;615;581;557;551;497;555;487;366;292;266;207;152;186;7478
"351960 Ibitinga";3722;3753;3773;4019;4404;5165;5240;4753;4237;3957;3785;3216;2562;1953;1434;1053;1234;58260
"351970 Ibiúna";5908;5497;5702;6205;6102;6142;6298;5842;5350;5006;4769;4002;3260;2570;1841;1250;1255;76999
"351980 Icém";596;576;580;611;626;750;752;652;534;494;460;397;339;248;172;125;141;8053
"351990 Iepê";543;532;509;550;622;615;596;575;544;567;556;483;383;293;251;190;242;8051
"352000 Igaraçu do Tietê";1691;1660;1694;1766;1903;2099;2042;1924;1763;1802;1671;1405;995;705;507;370;445;24442
"352010 Igarapava";2059;2038;2077;2164;2275;2596;2621;2333;1984;1876;1843;1618;1268;1003;783;596;729;29863
"352020 Igaratá";678;638;674;713;712;717;715;691;641;638;596;551;480;346;250;165;175;9380
"352030 Iguape";2221;2078;2219;2170;2114;1895;2027;2162;2143;2060;2031;1819;1581;1247;1046;808;823;30444
"352042 Ilha Comprida";718;703;652;696;656;555;619;679;674;733;832;864;760;566;393;254;200;10554
"352044 Ilha Solteira";1457;1542;1517;1667;1810;1956;1848;1916;2073;2065;1910;1733;1479;1267;918;624;587;26369
"352040 Ilhabela";2651;2469;2604;2754;2629;2886;3029;2864;2428;2155;1830;1436;1127;805;566;387;409;33029
"352050 Indaiatuba";15963;15496;16136;17680;18731;20928;21762;20244;17580;16152;14764;12538;9951;7201;4866;3447;3803;237242
"352060 Indiana";295;287;283;328;371;424;393;382;353;356;333;278;231;193;155;110;133;4905
"352070 Indiaporã";198;195;218;218;250;285;291;285;268;279;276;296;241;203;172;114;141;3930
"352080 Inúbia Paulista";243;243;242;284;282;318;300;295;285;267;259;235;184;139;117;91;121;3905
"352090 Ipaussu";1142;1112;1074;1154;1118;1246;1149;1099;1012;866;862;758;619;484;385;260;322;14662
"352100 Iperó";2775;2630;2632;2913;2865;3199;3327;2920;2349;2004;1850;1608;1293;839;556;388;385;34533
"352110 Ipeúna";577;552;569;582;616;631;611;549;483;429;365;311;269;187;137;125;112;7105
"352115 Ipiguá";326;310;311;347;364;396;376;391;362;366;345;302;288;229;165;125;127;5130
"352120 Iporanga";382;337;319;356;368;326;322;322;288;240;218;215;165;119;108;90;104;4279
"352130 Ipuã";1172;1139;1304;1309;1284;1440;1439;1310;1113;939;868;707;586;457;284;216;232;15799
"352140 Iracemápolis";1571;1556;1601;1717;1784;2132;2236;1856;1635;1511;1399;1228;946;642;483;349;404;23050
"352150 Irapuã";553;548;524;564;574;724;711;608;512;472;462;433;367;278;188;132;172;7822
"352160 Irapuru";335;366;400;515;677;896;957;762;559;480;478;405;375;307;241;209;233;8195
"352170 Itaberá";1313;1228;1203;1408;1416;1336;1364;1208;1193;1256;1181;1027;858;630;475;335;366;17797
"352180 Itaí";1950;1824;1787;1935;1958;2171;2346;2285;2022;1824;1688;1373;1094;767;514;356;426;26320
"352190 Itajobi";782;792;849;933;1027;1195;1188;1159;1067;1072;1047;971;870;737;539;407;518;15153
"352200 Itaju";256;270;283;306;282;328;334;259;228;198;200;178;174;133;93;71;80;3673
"352210 Itanhaém";7790;7277;6981;7134;6822;6499;6621;6734;6420;6159;6137;6039;5426;4315;3166;2136;2136;97792
"352215 Itaóca";235;215;211;262;252;204;209;229;258;232;208;206;160;125;115;86;115;3322
"352220 Itapecerica da Serra";13837;12991;13310;14897;14456;15121;15398;13873;12494;10976;8990;7505;5845;4167;2527;1547;1599;169533
"352230 Itapetininga";11674;11190;11894;12691;12790;13498;13738;12550;10813;9694;9178;8356;6643;5061;3463;2528;3051;158812
"352240 Itapeva";7374;6939;7174;7763;7834;7647;7498;7109;6281;5828;5582;4645;3610;2786;1958;1376;1543;92947
"352250 Itapevi";20405;18703;19073;20864;20336;20282;20056;18262;16032;14040;11424;9505;7093;4928;2960;1844;1686;227493
"352260 Itapira";4065;4035;4301;4987;5563;6042;6213;5722;5301;5269;4983;4563;3814;2894;2089;1533;1954;73328
"352265 Itapirapuã Paulista";391;348;384;376;355;319;307;308;283;236;186;175;132;138;87;62;69;4156
"352270 Itápolis";2455;2442;2639;2845;3153;3553;3585;3287;3106;2998;2867;2474;1984;1650;1263;967;1191;42459
"352280 Itaporanga";1145;1090;1047;1041;1038;1060;1177;1097;961;942;969;941;794;625;434;328;385;15074
"352290 Itapuí";1052;1015;995;1016;1047;1137;1131;1013;912;856;804;749;603;412;266;225;275;13508
"352300 Itapura";350;327;330;347;383;366;351;378;368;329;310;257;218;165;117;79;90;4765
"352310 Itaquaquecetuba";31776;29213;30030;32795;32158;32127;30497;27596;24630;22406;18835;15901;11762;7799;4731;2767;2685;357708
"352320 Itararé";3750;3492;3660;4068;4228;4075;3923;3639;3462;3214;2986;2641;2180;1653;1176;853;1066;50066
"352330 Itariri";1640;1490;1395;1460;1449;1240;1228;1162;1076;996;858;781;599;504;434;289;331;16932
"352340 Itatiba";7420;7251;7786;8599;8741;10046;10481;9654;8524;7978;7373;6393;5075;3671;2536;1793;2148;115469
"352350 Itatinga";1759;1635;1603;1681;1719;1795;1671;1486;1338;1198;1073;918;695;486;370;262;307;19996
"352360 Itirapina";1048;1058;1219;1349;1597;1910;1802;1516;1246;1078;952;745;592;443;326;249;309;17439
"352370 Itirapuã";524;486;491;510;517;508;476;470;424;359;349;308;286;231;164;113;143;6359
"352380 Itobi";524;504;526;554;602;692;664;620;503;490;507;463;375;272;200;140;171;7807
"352390 Itu";11782;11289;11570;12817;13285;14365;14876;13971;12491;11390;10516;9094;7051;5313;3488;2463;3083;168844
"352400 Itupeva";4615;4366;4323;4588;4619;5198;5456;4963;4076;3554;3060;2464;1835;1289;819;558;582;56365
"352410 Ituverava";2593;2567;2646;2917;3007;3226;3490;3283;2838;2661;2630;2477;2044;1655;1197;899;1004;41134
"352420 Jaborandi";469;462;480;486;539;621;590;498;459;457;423;368;281;249;177;156;159;6874
"352430 Jaboticabal";4576;4486;4934;5266;5666;6347;6426;6083;5369;5093;4865;4546;3773;2917;2138;1564;1997;76046
"352440 Jacareí";16062;15515;15692;17046;17219;18083;18793;18388;16859;15791;14467;12751;10674;8044;5360;3588;3844;228176
"352450 Jaci";446;451;455;504;517;581;623;579;497;461;433;350;253;188;123;99;101;6661
"352460 Jacupiranga";1481;1393;1338;1410;1419;1288;1287;1312;1183;1164;1115;922;760;589;451;297;384;17793
"352470 Jaguariúna";3726;3625;3655;4091;4172;4738;5032;4595;3992;3458;3089;2735;2179;1633;1172;801;934;53627
"352480 Jales";2639;2688;2680;2965;3233;3605;3845;3804;3567;3596;3607;3241;2741;2225;1692;1282;1405;48815
"352490 Jambeiro";457;430;452;486;511;506;515;488;445;420;405;331;244;193;140;105;116;6244
"352500 Jandira";9781;9168;9416;10446;10260;10864;11112;10107;8726;7949;6732;5498;4125;2822;1608;934;949;120497
"352510 Jardinópolis";3275;3129;3132;3332;3387;3595;3527;3244;2819;2712;2507;2206;1855;1408;942;666;796;42532
"352520 Jarinu";2132;1991;2019;2119;2249;2307;2446;2257;2125;1876;1621;1386;1199;954;624;432;515;28252
"352530 Jaú";9560;9492;9702;10209;10606;11931;12660;11937;10487;9580;9188;8412;6807;5020;3465;2611;3489;145156
"352540 Jeriquara";267;246;251;255;244;272;263;238;238;211;161;144;118;96;66;54;61;3185
"352550 Joanópolis";829;819;828;814;955;1059;1056;934;894;857;837;774;664;522;383;280;345;12850
"352560 João Ramalho";336;334;310;330;373;403;344;348;313;311;289;234;155;123;81;73;80;4437
"352570 José Bonifácio";2238;2202;2369;2596;2866;3135;3126;2892;2496;2430;2274;2037;1574;1250;926;678;828;35917
"352580 Júlio Mesquita";310;289;357;374;390;377;381;350;310;322;274;245;201;186;124;91;120;4701
"352585 Jumirim";204;203;251;248;278;327;288;260;208;211;180;159;119;83;68;50;70;3207
"352590 Jundiaí";25273;25010;25349;27134;28427;32815;35916;34458;30232;28182;26368;23821;19313;15018;10834;8072;10085;406307
"352600 Junqueirópolis";1141;1166;1181;1304;1422;1701;1721;1629;1467;1477;1331;1171;989;790;621;479;614;20204
"352610 Juquiá";1503;1392;1382;1612;1470;1299;1310;1339;1280;1195;1138;1077;952;728;563;402;464;19106
"352620 Juquitiba";2532;2326;2366;2658;2492;2410;2301;2333;2173;2116;1845;1574;1272;933;630;418;429;30808
"352630 Lagoinha";280;277;304;322;381;325;327;339;344;377;349;291;253;228;191;147;182;4917
"352640 Laranjal Paulista";1787;1760;1852;2007;2036;2271;2301;2119;1896;1773;1739;1624;1337;1064;765;560;783;27674
"352650 Lavínia";268;266;338;572;725;1699;2253;1642;969;634;442;344;259;195;162;122;136;11026
"352660 Lavrinhas";627;590;538;617;595;600;594;539;496;436;398;337;262;180;117;84;88;7098
"352670 Leme";7367;7060;7123;7789;8152;8961;9006;7958;6795;6326;5940;5027;4161;3205;2190;1506;1839;100405
"352680 Lençóis Paulista";4674;4466;4599;5042;5222;5629;5892;5471;4713;4508;4213;3593;2871;2136;1416;1022;1217;66684
"352690 Limeira";19270;18882;19486;21479;22350;25154;25760;24010;21709;20607;19610;17765;14172;10344;7082;5035;5986;298701
"352700 Lindóia";561;547;490;542;548;617;627;596;568;542;451;402;369;254;193;142;179;7628
"352710 Lins";4639;4657;4805;5343;5565;6160;6559;6070;5457;5227;5023;4549;3776;2897;2046;1601;2107;76481
"352720 Lorena";6103;5950;6004;6368;6666;7148;7211;6783;5937;5613;5541;4996;4143;3245;2283;1535;1869;87395
"352725 Lourdes";121;116;124;138;172;159;179;175;160;178;156;149;125;105;85;58;55;2255
"352730 Louveira";3553;3443;3479;3750;3886;4681;4789;4118;3180;2627;2253;1784;1338;928;613;435;508;45365
"352740 Lucélia";1220;1230;1385;1458;1556;1749;1771;1744;1578;1522;1423;1234;1001;803;643;449;544;21310
"352750 Lucianópolis";162;151;157;184;166;164;200;187;150;127;101;135;151;131;86;54;60;2366
"352760 Luís Antônio";1113;1064;1082;1251;1314;1352;1278;1066;882;817;778;628;442;312;201;138;148;13866
"352770 Luiziânia";379;380;375;423;448;533;524;423;332;334;360;292;220;169;140;116;139;5587
"352780 Lupércio";358;329;312;352;352;341;356;339;279;278;300;242;220;181;122;86;98;4545
"352790 Lutécia";166;169;191;188;217;210;211;193;171;177;173;148;136;104;91;64;83;2692
"352800 Macatuba";1208;1168;1183;1269;1328;1412;1394;1279;1156;1150;1165;973;703;537;400;302;378;17005
"352810 Macaubal";464;486;440;460;533;597;644;584;553;586;574;521;466;354;296;230;248;8036
"352820 Macedônia";198;200;215;217;250;250;267;268;255;283;276;261;238;185;138;100;115;3716
"352830 Magda";166;180;150;182;199;219;230;240;234;229;247;220;191;163;129;99;93;3171
"352840 Mairinque";3439;3287;3360;3652;3675;3699;3722;3561;3265;3188;2955;2544;1975;1502;1032;679;706;46241
"352850 Mairiporã";6286;6135;6874;7780;7717;7771;7796;7852;7420;6666;6179;5196;3969;2920;1834;1146;1136;94677
"352860 Manduri";697;673;615;649;722;749;780;730;675;649;643;530;450;362;290;211;220;9645
"352870 Marabá Paulista";244;242;302;372;445;824;760;545;404;322;292;237;166;140;103;78;83;5559
"352880 Maracaí";905;888;929;991;1041;1155;1134;1049;987;976;947;839;662;514;360;249;269;13895
"352885 Marapoama";154;148;177;201;204;246;267;219;223;195;194;178;154;131;86;60;87;2924
"352890 Mariápolis";270;272;241;279;322;368;357;297;233;266;285;217;193;144;110;93;115;4062
"352900 Marília";14149;13890;14504;16476;17191;18668;19229;18477;17121;16236;15408;14050;11649;9014;6523;4859;6096;233540
"352910 Marinópolis";104;100;138;145;164;158;147;150;177;177;162;158;107;85;58;44;55;2129
"352920 Martinópolis";1580;1586;1678;1891;2003;2115;2256;1988;1816;1802;1709;1515;1145;947;731;522;654;25938
"352930 Matão";4892;4810;5010;5638;6214;7172;7093;6627;5868;5729;5580;4999;4029;2935;1982;1434;1732;81744
"352940 Mauá";33417;31642;32818;37488;37696;41797;41871;37932;33368;30769;27246;23025;17873;12560;8020;5368;5183;458073
"352950 Mendonça";297;315;315;380;387;485;471;400;326;370;369;289;242;199;150;121;140;5256
"352960 Meridiano";224;216;218;250;266;298;308;300;287;279;285;264;187;140;134;105;112;3873
"352965 Mesópolis";135;134;107;133;132;141;125;138;137;152;135;120;97;80;57;46;47;1916
"352970 Miguelópolis";1672;1586;1660;1676;1719;1776;1870;1732;1537;1421;1279;1159;875;718;501;304;337;21822
"352980 Mineiros do Tietê";887;861;876;958;1011;986;1048;955;860;820;808;756;621;442;278;238;321;12726
"353000 Mira Estrela";168;172;187;179;193;199;186;193;233;228;199;243;205;172;101;78;88;3024
"352990 Miracatu";1821;1646;1572;1703;1610;1397;1412;1406;1318;1283;1179;1017;855;682;521;385;398;20205
"353010 Mirandópolis";1464;1501;1551;1767;2016;2256;2614;2724;2452;2138;2050;1678;1407;1159;877;675;790;29119
"353020 Mirante do Paranapanema";1206;1205;1232;1259;1283;1346;1316;1248;1244;1346;1260;1081;853;691;548;416;478;18012
"353030 Mirassol";3525;3497;3570;3848;4201;4732;4717;4745;4437;4351;4042;3484;2838;2192;1538;1148;1461;58326
"353040 Mirassolândia";303;302;300;332;333;345;351;360;305;327;305;279;244;202;174;128;131;4721
"353050 Mococa";4277;4216;4351;4609;5098;5446;5732;5304;4800;4589;4499;4270;3557;2772;1976;1383;1709;68588
"353060 Mogi das Cruzes";32355;30661;31690;34401;33721;35525;35878;34076;30742;28554;26388;22866;17950;13190;9069;6323;6987;430376
"353070 Mogi Guaçu";9475;9306;9503;10583;11459;12584;12988;12000;10589;10162;9702;8621;6995;5364;3711;2509;2754;148305
"353080 Mogi Mirim";5619;5585;5701;6164;6809;7448;7703;7265;6674;6450;6204;5638;4626;3542;2438;1749;2130;91745
"353090 Mombuca";271;252;228;264;281;291;280;252;243;244;212;181;131;96;89;62;70;3447
"353100 Monções";118;119;112;122;124;172;162;168;171;152;202;162;126;110;84;62;70;2236
"353110 Mongaguá";4184;3856;3655;4014;3695;3724;3771;3819;3526;3353;3449;3344;2970;2360;1758;1143;1121;53742
"353120 Monte Alegre do Sul";461;469;466;504;551;590;609;568;577;563;565;537;375;319;240;180;238;7812
"353130 Monte Alto";2822;2800;2861;3314;3587;3989;4230;3873;3571;3542;3346;3124;2620;2014;1435;1098;1413;49639
"353140 Monte Aprazível";1480;1545;1525;1514;1707;2070;2126;1924;1699;1670;1554;1375;1172;905;714;547;665;24192
"353150 Monte Azul Paulista";1148;1119;1133;1306;1453;1610;1575;1401;1342;1377;1289;1163;938;757;566;427;532;19136
"353160 Monte Castelo";203;204;239;263;288;317;300;310;279;299;302;294;245;200;153;112;158;4166
"353180 Monte Mor";4439;4192;4134;4698;4732;5020;4883;4741;4209;3630;3103;2619;2134;1599;1087;709;773;56702
"353170 Monteiro Lobato";299;299;317;311;318;316;316;315;317;310;314;291;237;182;143;107;123;4515
"353190 Morro Agudo";2632;2494;2433;2617;2670;2922;2970;2605;2147;1946;1749;1415;1112;864;582;411;401;31970
"353200 Morungaba";913;883;923;1015;1030;1088;1109;1105;954;849;765;677;568;462;338;209;235;13123
"353205 Motuca";323;316;324;307;367;380;389;382;313;309;320;284;217;147;109;72;84;4643
"353210 Murutinga do Sul";223;228;251;280;284;283;293;285;322;350;353;291;270;227;177;138;169;4424
"353215 Nantes";247;234;241;244;239;259;236;231;234;217;167;142;104;76;66;46;41;3024
"353220 Narandiba";358;355;375;354;403;394;365;362;326;345;286;242;173;135;89;68;79;4709
"353230 Natividade da Serra";451;407;382;466;461;434;460;461;442;505;476;439;399;291;248;188;210;6720
"353240 Nazaré Paulista";1159;1076;1178;1361;1394;1468;1416;1352;1278;1293;1151;1040;841;664;514;393;402;17980
"353250 Neves Paulista";405;408;444;506;551;677;746;687;665;680;677;619;512;434;345;265;329;8950
"353260 Nhandeara";569;609;593;635;705;864;880;832;775;840;855;798;672;565;428;328;375;11323
"353270 Nipoã";360;374;335;345;398;507;472;420;347;314;272;199;183;141;111;83;86;4947
"353280 Nova Aliança";442;447;415;482;478;518;511;514;446;428;437;409;314;254;206;170;203;6674
"353282 Nova Campina";866;768;805;938;900;760;752;668;636;586;515;395;288;209;145;106;90;9427
"353284 Nova Canaã Paulista";88;87;89;105;114;121;120;150;148;143;168;158;144;112;90;67;69;1973
"353286 Nova Castilho";94;94;74;85;92;78;88;73;93;106;79;65;58;48;39;31;33;1230
"353290 Nova Europa";872;842;800;804;806;896;927;851;763;654;616;517;429;316;220;155;189;10657
"353300 Nova Granada";1364;1328;1328;1551;1581;1791;1815;1689;1453;1360;1325;1137;900;748;565;435;542;20912
"353310 Nova Guataporanga";129;132;134;149;139;160;156;151;169;135;174;180;149;107;73;72;80;2289
"353320 Nova Independência";317;310;289;295;320;333;338;301;245;214;179;173;124;84;69;48;66;3705
"353330 Nova Luzitânia";279;278;280;290;284;323;374;324;277;248;196;209;160;137;97;66;95;3917
"353340 Nova Odessa";3711;3638;3745;4195;4512;4902;5166;4753;4318;4124;3758;3286;2564;1924;1230;912;989;57727
"353325 Novais";490;468;456;456;537;613;509;426;339;268;224;174;124;127;90;74;96;5471
"353350 Novo Horizonte";2577;2558;2655;2736;2906;3338;3295;3035;2787;2735;2545;2370;1968;1481;1111;829;993;39919
"353360 Nuporanga";473;465;464;515;563;655;582;530;485;510;493;449;341;265;176;133;191;7290
"353370 Ocauçu";310;297;290;296;300;352;328;290;275;278;298;261;206;173;131;86;111;4282
"353380 Óleo";151;144;165;171;179;159;160;159;168;170;199;190;167;139;93;75;85;2574
"353390 Olímpia";3486;3446;3402;3491;3877;4510;4591;4135;3710;3535;3362;3084;2619;2170;1591;1154;1492;53655
"353400 Onda Verde";289;286;314;326;318;358;328;312;315;317;270;241;160;144;114;75;87;4254
"353410 Oriente";360;370;405;429;456;546;530;445;427;457;476;418;329;239;193;151;199;6430
"353420 Orindiúva";528;487;492;560;587;642;624;565;510;432;331;287;204;140;109;81;88;6667
"353430 Orlândia";2752;2711;2910;3158;3362;3682;3749;3366;2999;2975;2854;2439;1926;1480;1036;754;835;42988
"353440 Osasco";49287;47402;49278;54211;53282;58825;61272;58027;51359;47375;42247;36294;28642;21445;14242;9812;10640;693640
"353450 Oscar Bressane";155;154;133;134;149;178;173;182;181;200;183;158;159;159;118;84;102;2602
"353460 Osvaldo Cruz";1635;1683;1833;2064;2242;2845;2638;2370;2240;2201;2222;2112;1833;1477;1132;887;1086;32500
"353470 Ourinhos";7522;7374;7369;7752;8219;8834;8928;8484;7824;7603;7247;6360;5420;4256;3092;2120;2604;111008
"353480 Ouro Verde";610;593;598;590;631;692;665;585;570;565;534;459;378;275;240;188;208;8381
"353475 Ouroeste";646;661;639;682;733;837;868;771;696;661;651;515;411;362;247;203;219;9802
"353490 Pacaembu";655;670;692;862;952;1287;1566;1328;1029;955;896;796;616;496;418;357;418;13993
"353500 Palestina";784;831;740;794;915;1055;1112;961;832;813;774;708;579;468;388;306;376;12436
"353510 Palmares Paulista";1008;955;971;1116;1167;1431;1351;1058;842;703;591;454;336;235;157;126;113;12614
"353520 Palmeira d'Oeste";489;489;536;569;596;630;619;668;668;714;729;697;562;477;379;312;322;9456
"353530 Palmital";1386;1357;1309;1495;1512;1611;1583;1634;1559;1506;1520;1384;1205;1035;758;534;672;22060
"353540 Panorama";1261;1170;1150;1194;1246;1239;1189;1147;1112;1032;890;771;656;526;378;269;282;15512
"353550 Paraguaçu Paulista";3001;2876;2936;3245;3520;3742;3823;3512;3292;3104;2891;2458;1950;1593;1160;817;1027;44947
"353560 Paraibuna";1279;1212;1233;1387;1416;1489;1354;1294;1244;1227;1176;1050;871;643;511;351;358;18095
"353570 Paraíso";426;407;370;447;483;487;556;465;432;423;404;368;297;231;194;149;184;6323
"353580 Paranapanema";1528;1417;1465;1673;1619;1589;1620;1530;1395;1267;1179;1010;783;532;387;281;300;19575
"353590 Paranapuã";231;227;273;288;289;280;291;336;298;275;264;249;212;169;135;101;107;4025
"353600 Parapuã";614;618;664;695;771;862;826;802;787;740;751;729;581;493;385;315;380;11013
"353610 Pardinho";504;458;474;502;472;473;426;446;445;433;375;306;281;208;161;127;116;6207
"353620 Pariquera-Açu";1467;1379;1384;1532;1519;1512;1519;1566;1303;1224;1180;1006;817;671;514;373;445;19411
"353625 Parisi";118;121;122;129;139;164;167;143;132;160;139;154;126;101;87;56;78;2136
"353630 Patrocínio Paulista";1103;1052;1037;1060;1145;1146;1149;1049;976;952;857;763;642;474;326;237;272;14240
"353640 Paulicéia";531;483;511;552;594;603;583;580;523;489;428;350;283;218;158;94;108;7088
"353650 Paulínia";7470;7393;7532;7650;7846;8793;9196;9014;8077;6989;6052;4865;3829;2662;1685;1088;1212;101353
"353657 Paulistânia";109;98;129;147;134;141;138;159;138;140;108;92;93;70;56;41;37;1830
"353660 Paulo de Faria";592;581;607;658;690;750;747;661;598;600;573;481;383;328;242;187;222;8900
"353670 Pederneiras";3304;3193;3209;3568;3730;3738;3736;3537;3316;2942;2748;2379;1909;1426;991;734;899;45359
"353680 Pedra Bela";391;375;370;442;456;474;479;476;452;399;370;339;316;265;172;122;141;6039
"353690 Pedranópolis";135;140;154;146;152;168;192;192;186;172;171;194;167;128;86;59;93;2535
"353700 Pedregulho";1223;1198;1183;1217;1318;1476;1396;1321;1085;991;973;880;689;568;409;281;328;16536
"353710 Pedreira";2867;2823;3001;3316;3457;4046;4181;3924;3501;3240;3043;2574;2005;1468;1058;769;944;46217
"353715 Pedrinhas Paulista";180;174;182;221;234;244;204;226;231;227;245;218;147;122;84;58;71;3068
"353720 Pedro de Toledo";943;847;823;844;832;741;742;771;765;715;679;620;525;420;315;235;236;11053
"353730 Penápolis";3867;3854;3836;4076;4442;4756;4991;4742;4459;4231;4219;3845;3270;2568;1940;1444;1770;62310
"353740 Pereira Barreto";1747;1736;1563;1675;1883;2014;1877;1924;1894;1901;1715;1420;1195;1017;806;591;685;25643
"353750 Pereiras";625;610;600;618;651;696;677;607;560;502;536;458;387;295;193;141;183;8339
"353760 Peruíbe";5211;4823;4620;4864;4727;4461;4488;4628;4435;4176;4056;3859;3535;2791;2119;1550;1697;66040
"353770 Piacatu";377;391;368;388;437;485;462;416;399;381;403;326;269;230;177;142;150;5801
"353780 Piedade";3853;3691;3694;4241;4276;4266;4283;4057;3815;3671;3578;3172;2544;1956;1465;1049;1131;54742
"353790 Pilar do Sul";2088;1966;2108;2216;2341;2323;2200;2105;1941;1858;1743;1596;1225;988;770;503;537;28508
"353800 Pindamonhangaba";11733;11259;11523;12586;12764;13456;14185;13226;11511;10417;9863;8980;7516;5397;3433;2300;2532;162681
"353810 Pindorama";1017;1040;1024;1108;1189;1350;1410;1281;1181;1123;1026;904;801;694;480;375;523;16526
"353820 Pinhalzinho";938;897;942;1036;1068;1121;1099;1074;967;897;958;967;789;667;501;340;378;14639
"353830 Piquerobi";221;231;232;232;277;278;264;242;255;299;275;224;172;149;129;84;107;3671
"353850 Piquete";856;874;890;893;1013;1063;1014;968;936;969;1071;970;746;601;420;273;358;13915
"353860 Piracaia";1736;1660;1692;2018;2058;2098;2077;2096;2028;1886;1708;1547;1255;1021;735;545;645;26805
"353870 Piracicaba";25272;24726;25939;28637;29479;32778;35139;32433;28139;25871;24886;22151;18522;14436;9897;7067;9036;394408
"353880 Piraju";1900;1891;1984;2081;2134;2292;2229;2123;1982;1994;2065;1859;1581;1207;847;670;770;29609
"353890 Pirajuí";1333;1360;1518;1753;1835;2367;2479;2080;1655;1527;1492;1436;1175;878;645;523;726;24782
"353900 Pirangi";624;628;647;750;816;878;958;868;778;835;752;686;594;489;351;259;336;11249
"353910 Pirapora do Bom Jesus";1652;1486;1571;1748;1580;1523;1396;1427;1256;1118;942;716;550;411;276;169;188;18009
"353920 Pirapozinho";1730;1705;1752;1972;2112;2248;2016;1976;1939;2001;1843;1532;1190;921;696;542;644;26819
"353930 Pirassununga";4745;4697;4708;5195;5441;5914;6253;5734;5157;5053;5114;4501;3635;3041;2145;1579;2035;74947
"353940 Piratininga";789;774;852;929;908;1000;1103;1118;939;846;840;822;694;556;370;277;415;13232
"353950 Pitangueiras";3113;2896;3081;3325;3351;3441;3478;3023;2507;2433;2083;1674;1262;982;755;556;631;38591
"353960 Planalto";394;383;388;374;392;438;430;412;339;333;305;258;201;128;93;76;81;5025
"353970 Platina";278;256;244;257;235;263;260;266;240;228;219;199;157;126;86;65;82;3461
"353980 Poá";8757;8312;8361;9353;9428;10048;9945;9137;8231;7624;6869;6006;4717;3222;2013;1297;1323;114643
"353990 Poloni";405;415;377;368;410;513;507;416;372;348;352;330;260;225;206;165;221;5890
"354000 Pompéia";1329;1310;1362;1517;1450;1655;1837;1857;1566;1463;1401;1284;1079;820;599;432;557;21518
"354010 Pongaí";162;170;184;201;219;275;266;236;245;239;256;272;216;166;129;97;131;3464
"354020 Pontal";4039;3799;3803;4108;4158;4797;4745;4116;3256;2720;2244;1734;1264;864;585;439;503;47174
"354025 Pontalinda";341;334;304;308;342;406;388;353;300;285;264;236;187;159;112;78;86;4483
"354030 Pontes Gestal";154;158;159;185;198;202;202;192;158;163;182;161;136;105;95;62;66;2578
"354040 Populina";246;249;230;253;285;317;317;302;274;277;280;294;252;191;154;145;154;4220
"354050 Porangaba";612;591;618;618;654;697;641;658;626;643;685;627;554;444;350;223;239;9480
"354060 Porto Feliz";3516;3426;3531;3919;3961;4381;4532;4115;3707;3558;3406;2938;2249;1749;1204;844;1109;52145
"354070 Porto Ferreira";3726;3636;3680;3834;4089;4566;4645;4294;3906;3719;3559;3190;2460;1902;1439;1075;1323;55043
"354075 Potim";1671;1592;1664;1935;1966;2630;2741;2101;1652;1320;1089;931;637;488;328;187;188;23120
"354080 Potirendaba";1014;1058;1095;1098;1208;1437;1481;1285;1121;1112;1125;979;813;641;495;404;507;16873
"354085 Pracinha";101;106;149;204;334;871;688;403;251;156;119;96;78;61;40;29;35;3721
"354090 Pradópolis";1526;1516;1515;1558;1611;1930;1988;1678;1351;1230;1107;1001;790;567;395;279;276;20318
"354100 Praia Grande";23520;21918;22057;23550;22912;23485;24725;24113;21530;19485;18189;16877;14528;10997;7905;5498;5719;307008
"354105 Pratânia";389;370;412;431;444;466;428;400;370;309;293;219;188;129;83;74;81;5086
"354110 Presidente Alves";278;271;243;267;282;339;329;318;295;277;270;239;217;166;125;91;129;4136
"354120 Presidente Bernardes";676;680;756;832;946;949;937;902;926;1052;1023;924;736;626;534;370;495;13364
"354130 Presidente Epitácio";3050;2965;3019;3150;3289;3457;3449;3408;3081;3013;2906;2500;2016;1500;1090;803;914;43610
"354140 Presidente Prudente";13783;13787;14100;15053;16142;17648;18108;17639;16310;16098;15280;13419;11075;8621;6321;4673;5591;223648
"354150 Presidente Venceslau";2173;2202;2253;2579;2694;2982;3095;3219;2951;2911;2848;2417;2056;1684;1175;924;1144;39307
"354160 Promissão";2802;2744;2775;2828;3049;3209;3175;3071;2811;2613;2442;2099;1652;1339;1028;736;823;39196
"354165 Quadra";284;282;252;238;263;251;277;266;257;272;253;194;181;135;106;67;70;3648
"354170 Quatá";1030;1012;964;999;1096;1138;1113;1080;1010;962;838;721;577;404;324;241;284;13793
"354180 Queiroz";260;247;274;292;254;267;283;262;220;193;165;134;108;85;78;57;59;3238
"354190 Queluz";947;853;955;971;1021;1113;1147;1101;931;855;755;612;512;387;253;181;241;12835
"354200 Quintana";414;399;419;459;463;543;534;501;484;450;382;363;306;244;208;145;169;6483
"354210 Rafard";616;589;627;654;678;767;771;706;630;602;587;487;362;302;218;164;237;8997
"354220 Rancharia";1889;1871;1993;2027;2192;2313;2319;2180;2041;2172;2121;1766;1403;1072;877;643;771;29650
"354230 Redenção da Serra";292;276;259;275;294;262;262;268;284;260;260;241;200;157;106;86;107;3889
"354240 Regente Feijó";1292;1283;1218;1363;1447;1536;1584;1538;1399;1421;1384;1195;964;734;550;431;505;19844
"354250 Reginópolis";389;444;571;651;906;1670;1103;661;494;399;359;318;282;220;177;126;174;8944
"354260 Registro";4237;3935;3977;4289;4233;4246;4372;4456;4069;3763;3451;2916;2441;1913;1486;1079;1235;56098
"354270 Restinga";645;605;609;624;581;644;581;519;458;447;418;379;281;185;130;106;112;7324
"354280 Ribeira";269;248;244;244;249;220;228;211;244;225;210;188;164;146;107;86;90;3373
"354290 Ribeirão Bonito";1043;1003;968;981;1013;1107;1060;967;878;803;734;634;517;405;309;231;317;12970
"354300 Ribeirão Branco";1557;1337;1392;1566;1529;1340;1294;1265;1114;1069;971;753;632;511;379;234;232;17175
"354310 Ribeirão Corrente";387;366;359;391;373;388;378;356;340;280;258;219;170;134;89;64;58;4610
"354320 Ribeirão do Sul";286;281;270;324;319;320;314;329;329;339;306;281;245;211;156;99;137;4546
"354323 Ribeirão dos Índios";122;118;125;154;136;149;160;151;154;187;160;159;122;96;98;69;71;2231
"354325 Ribeirão Grande";584;540;528;565;575;582;615;582;580;535;484;367;300;279;226;170;140;7652
"354330 Ribeirão Pires";7692;7580;7961;8819;8871;10012;10547;10139;9178;8509;7850;7084;5935;4439;2904;1814;1981;121315
"354340 Ribeirão Preto";41853;41396;43706;47585;51376;59705;62831;57108;48129;43350;41700;37604;31138;24175;17005;12354;15577;676592
"354360 Rifaina";223;228;241;231;238;253;273;274;241;262;255;236;191;155;119;79;96;3595
"354370 Rincão";840;786;768;832;846;855;892;795;731;712;638;563;449;380;260;190;223;10760
"354380 Rinópolis";599;623;659;634;694;794;768;702;670;649;668;661;544;415;339;274;354;10047
"354390 Rio Claro";12652;12406;12663;14195;14985;16681;17704;16776;14597;13470;12971;11560;9245;7246;5238;3836;5240;201465
"354400 Rio das Pedras";2583;2485;2503;2667;2668;3088;3193;2774;2466;2148;1889;1549;1200;908;611;422;478;33632
"354410 Rio Grande da Serra";3941;3655;3796;4170;4000;4121;4345;4071;3671;3250;2765;2258;1810;1245;835;560;507;49000
"354420 Riolândia";872;851;864;931;954;1188;1207;1136;864;704;584;488;390;333;255;168;192;11981
"354350 Riversul";445;425;366;388;423;363;403;400;371;365;387;375;310;238;195;155;169;5778
"354425 Rosana";1177;1135;1211;1417;1429;1336;1211;1172;1219;1261;1186;1118;941;756;536;358;314;17777
"354430 Roseira";778;737;733;765;831;843;936;862;757;689;637;581;448;312;212;127;185;10433
"354440 Rubiácea";219;221;218;216;248;276;254;238;201;205;192;150;109;94;66;59;56;3022
"354450 Rubinéia";157;161;165;182;179;218;197;202;196;222;258;242;220;159;126;101;94;3079
"354460 Sabino";352;365;332;347;412;392;416;394;353;364;374;363;296;253;184;148;167;5512
"354470 Sagres";150;144;156;173;189;176;175;181;169;145;153;160;133;123;80;57;75;2439
"354480 Sales";397;384;395;376;405;430;477;429;426;428;403;400;355;275;208;152;153;6093
"354490 Sales Oliveira";731;713;731;808;879;975;961;898;784;783;741;676;573;459;313;228;299;11552
"354500 Salesópolis";1278;1226;1252;1318;1309;1313;1229;1211;1175;1133;1080;927;697;581;405;304;345;16783
"354510 Salmourão";356;353;356;364;415;406;402;393;379;341;298;271;249;196;160;110;135;5184
"354515 Saltinho";442;461;492;518;578;643;707;694;588;524;494;468;433;360;229;153;166;7950
"354520 Salto";7734;7477;7559;8455;9242;10042;10034;9215;8180;8060;7715;6552;5049;3577;2501;1797;2114;115303
"354530 Salto de Pirapora";3198;3041;3034;3420;3499;3606;3619;3336;3053;2943;2806;2524;1967;1489;1031;733;752;44051
"354540 Salto Grande";655;633;645;661;664;651;694;690;646;616;585;525;467;368;280;200;248;9228
"354550 Sandovalina";338;318;298;331;341;303;306;307;303;288;265;222;157;130;85;65;82;4139
"354560 Santa Adélia";1003;964;1023;1130;1172;1200;1263;1235;1069;1010;919;840;719;555;419;312;395;15228
"354570 Santa Albertina";315;332;333;347;437;469;484;437;406;401;393;400;338;259;228;160;224;5963
"354580 Santa Bárbara d'Oeste";11543;11481;11836;13055;14654;16673;17047;15283;13753;13676;13120;11957;9264;6487;4235;3050;3498;190612
"354600 Santa Branca";1014;993;986;1064;1086;1124;1056;1040;1057;985;993;859;700;573;418;289;334;14571
"354610 Santa Clara d'Oeste";111;110;124;139;157;177;159;157;148;138;149;144;124;98;61;67;59;2122
"354620 Santa Cruz da Conceição";282;276;252;287;311;323;369;306;298;287;297;292;235;190;137;95;138;4375
"354625 Santa Cruz da Esperança";162;154;138;159;165;164;153;148;126;125;127;122;102;85;76;45;44;2095
"354630 Santa Cruz das Palmeiras";2455;2355;2488;2673;2738;3032;3008;2644;2209;2027;1852;1607;1288;998;712;517;581;33184
"354640 Santa Cruz do Rio Pardo";3253;3138;3107;3309;3462;3576;3748;3366;3189;3095;3017;2714;2302;1867;1386;1019;1277;46825
"354650 Santa Ernestina";428;410;414;454;474;514;489;454;354;389;341;264;200;162;107;84;96;5634
"354660 Santa Fé do Sul";1704;1743;1783;1986;2160;2459;2502;2452;2294;2285;2228;2012;1706;1448;1090;791;928;31571
"354670 Santa Gertrudes";2078;1943;1999;2258;2149;2357;2441;2209;1881;1576;1287;991;747;539;374;266;293;25388
"354680 Santa Isabel";4058;3843;3962;4319;4358;4603;4644;4231;3945;3840;3418;2980;2448;1853;1256;861;954;55573
"354690 Santa Lúcia";707;663;596;735;711;784;736;679;614;578;473;416;312;249;174;142;132;8701
"354700 Santa Maria da Serra";496;462;453;455;499;539;527;417;379;364;372;294;228;155;135;97;101;5973
"354710 Santa Mercedes";198;197;221;206;211;241;223;205;189;192;201;165;130;95;91;73;89;2927
"354740 Santa Rita d'Oeste";103;106;126;130;160;187;191;166;171;178;199;189;178;147;115;87;100;2533
"354750 Santa Rita do Passa Quatro";1504;1533;1498;1625;1772;2020;2050;1962;1899;1922;1990;1832;1601;1307;1007;810;1093;27425
"354760 Santa Rosa de Viterbo";1710;1677;1584;1861;1982;2159;2129;1905;1768;1725;1698;1509;1170;977;750;559;712;25875
"354765 Santa Salete";74;80;74;89;103;103;118;106;102;121;117;105;97;91;51;41;53;1525
"354720 Santana da Ponte Pensa";64;65;69;73;78;111;97;99;100;121;131;115;116;92;88;59;71;1549
"354730 Santana de Parnaíba";10073;9527;9726;10445;10539;11489;11572;10709;9369;8426;7747;6802;5318;3814;2184;1343;1433;130516
"354770 Santo Anastácio";1245;1256;1247;1405;1538;1574;1533;1461;1439;1587;1551;1283;1039;838;710;532;675;20913
"354780 Santo André";42885;42776;44001;47815;49604;57072;61561;58202;52590;49431;47316;42354;35423;27710;19583;14614;17715;710652
"354790 Santo Antônio da Alegria";430;436;429;454;476;564;553;484;437;421;431;379;364;314;238;161;209;6780
"354800 Santo Antônio de Posse";1660;1616;1685;1868;1802;1926;1944;1791;1574;1502;1338;1133;930;640;457;350;409;22625
"354805 Santo Antônio do Aracanguá";542;531;514;587;636;673;671;675;634;610;594;472;365;276;176;134;137;8227
"354810 Santo Antônio do Jardim";372;357;381;406;415;460;478;453;449;404;392;373;332;242;183;135;166;5998
"354820 Santo Antônio do Pinhal";460;436;491;539;523;532;495;492;466;468;475;411;272;224;192;139;144;6759
"354830 Santo Expedito";189;188;184;181;225;214;198;213;203;242;236;185;157;125;121;86;88;3035
"354840 Santópolis do Aguapeí";368;354;321;342;367;443;420;362;297;281;249;235;183;134;112;82;101;4651
"354850 Santos";22559;23354;24219;25863;26518;29787;33139;32956;30411;29500;30201;28779;25706;21104;16327;13155;18653;432231
"354860 São Bento do Sapucaí";681;678;689;755;790;745;742;780;789;808;804;688;553;442;363;244;280;10831
"354870 São Bernardo do Campo";54719;53351;54169;59921;62158;69943;73486;69521;62028;56957;52558;45541;36840;27363;18088;12011;12920;821574
"354880 São Caetano do Sul";7411;7991;8338;8950;9497;11240;12807;12639;11591;10876;11643;10886;9403;7822;5848;4694;6894;158530
"354890 São Carlos";15104;14990;15472;16911;17898;19956;21405;20271;17985;16552;15949;14254;11691;8902;6185;4607;6022;244154
"354900 São Francisco";170;168;169;173;185;195;175;182;203;208;211;172;164;140;126;92;102;2835
"354910 São João da Boa Vista";5123;5133;5429;5894;6159;6879;7255;7042;6538;6367;6299;5750;4776;3608;2622;1985;2601;89460
"354920 São João das Duas Pontes";151;154;147;191;186;180;186;188;202;180;212;173;114;104;91;58;71;2588
"354925 São João de Iracema";125;135;111;112;147;140;131;129;148;143;126;111;106;87;58;40;42;1891
"354930 São João do Pau d'Alho";102;106;100;129;139;144;135;136;137;149;156;170;129;120;100;72;98;2122
"354940 São Joaquim da Barra";3372;3315;3455;3634;3799;4163;4529;4129;3628;3311;3142;2813;2237;1803;1255;889;1068;50542
"354950 São José da Bela Vista";789;724;737;759;733;717;687;649;565;528;462;370;323;279;215;140;151;8828
"354960 São José do Barreiro";315;300;316;316;288;303;304;277;294;286;280;245;193;139;108;87;107;4158
"354970 São José do Rio Pardo";3184;3120;3220;3504;4093;4587;4515;4033;3645;3555;3651;3522;3010;2300;1598;1216;1636;54389
"354980 São José do Rio Preto";25896;25935;26330;28817;31129;36697;39099;37493;33290;31337;30518;27435;22263;17597;12643;9408;11290;447177
"354990 São José dos Campos";48679;47131;47158;51908;54362;59347;62837;58660;50327;45699;42919;38636;31710;23342;14819;9388;10632;697554
"354995 São Lourenço da Serra";1119;1058;1072;1260;1247;1279;1247;1140;1135;1066;934;850;685;482;341;214;215;15344
"355000 São Luís do Paraitinga";630;615;648;748;846;795;808;752;804;785;750;648;517;411;355;270;296;10678
"355010 São Manuel";2772;2631;2710;3033;3108;3310;3318;3265;3005;2706;2482;2201;1800;1407;985;765;928;40426
"355020 São Miguel Arcanjo";2578;2379;2359;2577;2640;2644;2595;2403;2296;2197;1978;1697;1334;1074;807;563;589;32710
"355030 São Paulo";797644;772911;817514;904674;887734;992323;1064460;1009375;889002;803985;728152;648841;534850;413771;286499;206378;264803;12022916
"355040 São Pedro";2209;2135;2197;2400;2494;2498;2662;2640;2483;2271;2246;2077;1800;1525;1154;832;1008;34631
"355050 São Pedro do Turvo";570;547;556;588;567;555;593;507;503;515;463;403;347;294;218;151;197;7574
"355060 São Roque";5592;5345;5662;6350;6393;7018;7373;7274;6436;6105;5711;5271;4273;3278;2223;1579;1863;87746
"355070 São Sebastião";6824;6416;6475;6965;6911;7135;7458;7386;6434;5522;4716;3890;3041;2111;1470;934;1073;84761
"355080 São Sebastião da Grama";807;807;830;895;944;985;975;909;810;836;788;710;601;471;330;241;314;12253
"355090 São Simão";1010;987;1060;1079;1099;1280;1185;1102;972;1002;959;863;728;589;444;327;439;15125
"355100 São Vicente";26154;25015;25566;27680;27771;28784;30396;28738;25447;23375;21371;19126;16083;11750;8194;5752;6594;357796
"355110 Sarapuí";764;697;759;806;768;783;773;794;657;634;629;529;429;323;241;176;193;9955
"355120 Sarutaiá";274;259;271;251;277;282;272;232;229;250;239;226;173;152;105;77;93;3662
"355130 Sebastianópolis do Sul";206;210;174;204;236;282;331;270;232;234;212;207;174;139;96;91;85;3383
"355140 Serra Azul";777;717;826;1011;1026;1533;1636;1435;1123;861;791;623;448;337;212;139;167;13662
"355160 Serra Negra";1593;1577;1675;1800;1910;2037;2186;2181;2099;1988;1977;1835;1596;1341;937;733;1067;28532
"355150 Serrana";3571;3352;3382;3704;3782;4002;3970;3432;2985;2749;2408;1927;1436;1024;685;487;530;43426
"355170 Sertãozinho";8448;8259;8426;9115;9613;10915;11404;10424;8736;7899;7311;6325;4989;3690;2455;1701;1952;121662
"355180 Sete Barras";1162;1072;993;965;977;889;921;966;883;816;726;712;578;467;365;252;248;12992
"355190 Severínia";1300;1243;1243;1416;1413;1563;1516;1267;1153;1095;979;818;640;454;341;252;289;16982
"355200 Silveiras";456;423;457;495;456;497;476;455;410;389;386;334;258;238;182;124;149;6185
"355210 Socorro";2327;2304;2351;2471;2707;2960;3145;3012;2816;2766;2702;2540;2266;1848;1362;1059;1281;39917
"355220 Sorocaba";43016;41716;43510;49143;51403;56616;58900;54892;48129;43620;41233;36070;28578;20982;14255;10179;12373;654615
"355230 Sud Mennucci";520;496;497;547;599;632;595;606;590;512;501;446;343;283;211;131;178;7687
"355240 Sumaré";20499;19418;19409;21405;22354;24347;25126;23205;20022;17713;15220;13243;10451;7387;4637;2949;3258;270643
"355255 Suzanápolis";252;257;267;266;284;286;286;285;244;279;280;235;170;138;111;69;96;3805
"355250 Suzano";22131;20871;21676;24405;23937;24401;24466;23054;20827;19251;17003;14520;11394;8288;5246;3406;3619;288495
"355260 Tabapuã";757;743;706;766;873;1021;1039;912;830;846;836;730;601;480;382;291;351;12164
"355270 Tabatinga";1097;1070;1138;1222;1250;1436;1485;1244;1104;1058;958;874;689;460;362;274;314;16035
"355280 Taboão da Serra";21483;20549;20887;22916;22192;24209;25309;23930;20539;18394;15583;13103;10180;7333;4679;2983;2914;277183
"355290 Taciba";422;411;408;442;481;490;482;458;448;434;439;323;261;204;155;136;154;6148
"355300 Taguaí";1043;1077;1025;1023;1102;1249;1191;972;828;747;678;584;457;374;243;176;207;12976
"355310 Taiaçu";405;381;413;493;516;533;492;427;423;423;383;319;259;232;177;149;189;6214
"355320 Taiúva";305;303;316;341;411;463;446;396;361;388;381;359;330;252;171;147;202;5572
"355330 Tambaú";1586;1543;1550;1616;1756;1873;1832;1668;1549;1509;1524;1400;1101;880;648;466;630;23131
"355340 Tanabi";1414;1478;1475;1635;1745;2034;2193;1972;1741;1777;1806;1653;1352;1078;833;626;736;25548
"355350 Tapiraí";683;621;646;715;650;573;568;573;506;485;439;390;307;272;222;136;151;7937
"355360 Tapiratiba";772;762;808;938;1050;1060;965;911;887;978;958;846;616;474;348;290;328;12991
"355365 Taquaral";172;167;199;200;208;229;213;210;187;171;189;193;144;120;79;53;72;2806
"355370 Taquaritinga";3747;3651;3787;4002;4099;4442;4553;4340;3982;3828;3747;3249;2707;2145;1587;1218;1506;56590
"355380 Taquarituba";1653;1589;1584;1739;1835;1867;1817;1716;1562;1517;1524;1347;1092;785;563;430;481;23101
"355385 Taquarivaí";499;449;500;528;514;497;461;413;357;330;315;258;192;128;90;70;68;5669
"355390 Tarabai";545;519;560;564;627;622;586;541;500;463;424;375;264;198;170;131;157;7246
"355395 Tarumã";1128;1095;1077;1095;1138;1261;1207;1102;1083;978;943;735;534;376;291;185;199;14427
"355400 Tatuí";8598;8230;8358;9245;9424;9926;10102;9441;8234;7489;6931;6141;4945;3877;2808;1967;2291;118007
"355410 Taubaté";20697;20233;20613;22614;23344;25467;26588;25195;22129;20692;19148;16924;13676;10338;7126;4917;5865;305566
"355420 Tejupá";389;354;386;400;350;367;347;333;314;260;263;254;218;153;134;78;59;4659
"355430 Teodoro Sampaio";1781;1650;1702;1834;1805;1890;1843;1840;1646;1567;1369;1101;856;696;472;332;372;22756
"355440 Terra Roxa";666;643;619;665;741;782;777;657;593;579;563;539;411;306;222;159;240;9162
"355450 Tietê";2744;2706;2726;2991;3100;3468;3530;3218;2814;2628;2567;2197;1765;1464;994;752;1030;40694
"355460 Timburi";168;176;163;172;190;193;173;182;163;173;215;191;156;122;87;63;88;2675
"355465 Torre de Pedra";151;148;149;168;173;164;160;174;175;171;159;143;125;110;86;64;60;2380
"355470 Torrinha";602;596;575;658;753;845;763;720;685;652;644;589;483;431;296;233;342;9867
"355475 Trabiju";131;122;120;137;140;134;131;121;107;117;84;87;76;56;44;37;35;1679
"355480 Tremembé";2921;2875;3101;3584;3534;4113;4385;4058;3311;2954;2805;2375;1897;1373;924;628;692;45530
"355490 Três Fronteiras";323;333;321;370;404;411;428;419;380;397;380;366;326;282;223;161;205;5729
"355495 Tuiuti";389;384;391;417;441;516;502;549;482;446;421;417;386;315;246;158;173;6633
"355500 Tupã";3744;3773;3764;3996;4252;4862;5170;4986;4620;4548;4494;4152;3544;2929;2318;1859;2368;65379
"355510 Tupi Paulista";598;638;664;823;1003;1272;1434;1343;1159;1088;1082;1014;880;717;528;427;547;15217
"355520 Turiúba";113;123;100;103;126;160;143;135;139;137;148;128;122;104;91;64;68;2004
"355530 Turmalina";67;77;83;96;116;133;99;96;122;146;183;161;120;109;89;68;59;1824
"355535 Ubarana";518;461;477;505;475;505;503;488;449;380;323;275;239;165;112;75;75;6025
"355540 Ubatuba";6523;6005;6163;7103;7159;7064;7064;6988;6539;5989;5416;4637;3706;2833;1848;1230;1325;87592
"355550 Ubirajara";362;341;320;345;341;374;367;336;291;305;274;273;248;179;117;101;128;4702
"355560 Uchoa";584;590;603;638;714;840;773;718;688;681;679;643;518;407;320;247;339;9982
"355570 União Paulista";142;136;118;140;146;148;156;136;109;107;92;80;81;58;48;38;44;1779
"355580 Urânia";510;504;546;551;597;659;705;680;656;651;610;619;520;414;330;250;294;9096
"355590 Uru";63;64;70;74;72;106;101;90;80;81;99;82;65;55;36;28;37;1203
"355600 Urupês";704;724;780;844;937;1056;1108;1015;946;966;975;857;747;600;463;367;472;13561
"355610 Valentim Gentil";808;821;870;897;923;1091;1116;1052;893;859;810;773;564;437;305;225;238;12682
"355620 Valinhos";7373;7419;7477;8191;8633;9968;10619;10385;9630;9503;8749;7339;5710;4289;2946;2118;2533;122882
"355630 Valparaíso";1736;1680;1604;1861;2051;2371;2673;2399;1888;1622;1497;1178;864;695;483;374;436;25412
"355635 Vargem";672;658;669;732;729;816;811;768;724;656;621;532;491;402;311;205;255;10052
"355640 Vargem Grande do Sul";2970;2919;2899;3078;3135;3376;3450;3195;2891;2853;2703;2413;1923;1477;1034;763;937;42016
"355645 Vargem Grande Paulista";3902;3677;3624;3935;3851;4167;4386;4124;3558;3268;3030;2490;2046;1487;988;639;698;49870
"355650 Várzea Paulista";8974;8564;8740;9528;9802;10796;10833;9580;8396;7643;6888;6059;4617;3135;1926;1212;1285;117978
"355660 Vera Cruz";681;674;708;758;802;809;759;786;749;738;755;664;543;464;367;267;382;10906
"355670 Vinhedo";4727;4714;4811;5193;5264;6360;7032;6453;5661;5054;4805;4157;3287;2524;1731;1158;1525;74456
"355680 Viradouro";1272;1230;1224;1383;1524;1604;1607;1390;1214;1160;1152;989;822;646;482;379;447;18525
"355690 Vista Alegre do Alto";561;578;613;676;695;842;827;672;570;486;425;362;289;213;160;133;147;8249
"355695 Vitória Brasil";111;116;113;107;122;139;147;139;125;130;127;121;97;71;64;45;47;1821
"355700 Votorantim";8651;8259;8765;9686;9693;10292;10529;9672;8415;7629;7003;6184;4829;3585;2374;1549;1656;118771
"355710 Votuporanga";5011;5149;5249;5874;6438;7646;7856;7312;6797;6595;6432;5900;4802;3821;2782;2042;2368;92074
"355715 Zacarias";178;172;154;171;173;194;222;192;189;175;176;154;138;96;88;72;71;2615